titulo,autor,anio,estante_numero,estante_seccion,piso,edificio,sede
I Could Go on Singing,Parry Bythell,1997,11,Business Development,8,CN,Qiujima
"Crow, The: Wicked Prayer",Corinne O' Mulderrig,1995,13,Legal,56,CN,Yoiqag
"Company, The",Albina Scamadine,1996,14,Product Management,79,ID,Margasari
Unrest,Jasen Peploe,1995,58,Marketing,27,TH,Phanat Nikhom
Hoka,thomas,2020,15,fantasia,12,estructuras,santiago
24 City (Er shi si cheng ji),Andi Gerger,2008,100,Human Resources,13,DO,Santa Cruz de El Seibo
"Deluge, The (Potop)",Freemon Probet,1985,5,Legal,45,AF,Ghazni
I'm Reed Fish,Perry Brassington,2005,94,Support,52,PL,Kuczbork-Osada
